<?xml version="1.0" encoding="UTF-8"?>
<project-private xmlns="http://www.netbeans.org/ns/project-private/1">
    <editor-bookmarks xmlns="http://www.netbeans.org/ns/editor-bookmarks/2" lastBookmarkId="0"/>
    <open-files xmlns="http://www.netbeans.org/ns/projectui-open-files/2">
        <group>
            <file>file:/C:/xampp/htdocs/atpvsms/application/controllers/controller_mm.php</file>
            <file>file:/C:/xampp/htdocs/atpvsms/application/controllers/controller_vehicle.php</file>
            <file>file:/C:/xampp/htdocs/atpvsms/application/views/nav.php</file>
            <file>file:/C:/xampp/htdocs/atpvsms/application/controllers/controller_employee.php</file>
            <file>file:/C:/xampp/htdocs/atpvsms/application/views/view_employee.php</file>
            <file>file:/C:/xampp/htdocs/atpvsms/application/views/view_mm.php</file>
        </group>
    </open-files>
</project-private>
